Matrix_Size,Threads,Mean_Time_Sec,Min_Time_Sec,Std_Dev_Sec,Speedup,Efficiency_Pct
500,1,0.063333,0.057000,0.008260,1.00,100.00
500,2,0.031667,0.028000,0.004497,2.00,100.00
500,4,0.014667,0.014000,0.000471,4.32,107.95
500,8,0.011000,0.010000,0.000816,5.76,71.97
1000,1,0.553333,0.535000,0.013021,1.00,100.00
1000,2,0.265333,0.264000,0.000943,2.09,104.27
1000,4,0.138000,0.136000,0.001633,4.01,100.24
1000,8,0.106667,0.102000,0.003682,5.19,64.84
2000,1,19.355333,17.892000,1.045465,1.00,100.00
2000,2,8.346333,8.300000,0.052028,2.32,115.95
2000,4,3.869333,3.723000,0.113291,5.00,125.06
2000,8,2.779000,2.667000,0.124718,6.96,87.06
